0,Patrick Mahomes
1,Lamar Jackson
2,Aaron Rodgers
3,Kyler Murray
4,Jameis Winston
5,Sam Darnold
6,Carson Wentz
7,Nick Foles
8,Jared Goff
9,Ryan Tannehill
10,Jacoby Brissett
11,Kyle Allen
12,Baker Mayfield
13,Derek Carr
14,Daniel Jones
15,Jimmy Garoppolo
16,Ryan Fitzpatrick
17,Philip Rivers
18,Andy Dalton
19,Devlin Hodges
20,Dwayne Haskins
21,Drew Lock
22,Brandon Allen
23,Mason Rudolph
24,Blake Bortles
25,Robert Griffin
26,Case Keenum
27,Josh McCown
28,Ryan Griffin
29,Ryan Finley
30,Tyrod Taylor
31,Josh Rosen
32,Gardner Minshew
33,Matt Moore
34,Eli Manning
35,Marcus Mariota
36,Nick Mullens
37,Mike Glennon
38,Brian Hoyer
39,Will Grier
40,Tyreek Hill
41,Davante Adams
42,Chris Godwin
43,Mike Evans
44,D.J. Chark
45,D.J. Moore
46,Cooper Kupp
47,Jarvis Landry
48,Odell Beckham Jr.
49,Keenan Allen
50,Sterling Shepard
51,Devante Parker
52,Tyler Boyd
53,Christian Kirk
54,Jamison Crowder
55,Robert Woods
56,Courtland Sutton
57,Terry McLaurin
58,Sammy Watkins
59,Robby Anderson
60,Tyrell Williams
61,Dede Westbrook
62,Darius Slayton
63,Deebo Samuel
64,J.J. Arcega-Whiteside
65,Brandin Cooks
66,Curtis Samuel
67,Marquise Brown
68,A.J. Brown
69,Emmanuel Sanders
70,Mike Williams
71,Chris Conley
72,James Washington
73,Larry Fitzgerald
74,Diontae Johnson
75,Demaryius Thomas
76,Allen Hurns
77,Corey Davis
78,Zay Jones
79,Auden Tate
80,Allen Lazard
81,Kelvin Harmon
82,Zach Pascal
83,Mack Hollins
84,Adam Humphries
85,Alex Erickson
86,Mecole Hardman
87,Tim Patrick
88,Trey Quinn
89,Demarcus Robinson
90,Willie Snead
91,Keelan Cole
92,Breshad Perriman
93,DaeSean Hamilton
94,Rashard Higgins
95,Jarius Wright
96,Kendrick Bourne
97,Marquez Valdes-Scantling
98,Albert Wilson
99,Geronimo Allison
100,Chester Rogers
101,Andy Isabella
102,Tevin Jones
103,Josh Reynolds
104,Scott Miller
105,Marcus Johnson
106,KeeSean Johnson
107,Miles Boykin
108,Tajae Sharpe
109,Greg Ward
110,Cody Latimer
111,Trevor Davis
112,Johnny Holton
113,Jake Kumerow
114,Seth Roberts
115,Pharoh Cooper
116,Steven Sims
117,Kalif Raymond
118,Deon Cain
119,Isaiah Ford
120,Braxton Berrios
121,Khadarel Hodge
122,Marquise Goodwin
123,Richie James
124,Vyncint Smith
125,Byron Pringle
126,Andre Patton
127,Marcell Ateman
128,Justin Watson
129,Damion Willis
130,Donte Moncrief
131,Cody Core
132,Damiere Byrd
133,Trent Sherfield
134,Damion Ratley
135,Diontae Spencer
136,Stanley Morgan Jr.
137,Chris Moore
138,Jason Moore
139,Ashton Dulin
140,Mike Thomas
141,Fred Brown
142,DeAndrew White
143,Alshon Jeffery
144,Nelson Agholor
145,Keelan Doss
146,Taywan Taylor
147,Cam Sims
148,Christian McCaffrey
149,Saquon Barkley
150,Le'Veon Bell
151,Leonard Fournette
152,Derrick Henry
153,Josh Jacobs
154,Aaron Jones
155,Nick Chubb
156,Jonathan Williams
157,Phillip Lindsay
158,Todd Gurley
159,Melvin Gordon
160,Miles Sanders
161,Mark Ingram
162,Austin Ekeler
163,Joe Mixon
164,Ronald Jones II
165,Kenyan Drake
166,Tevin Coleman
167,Benny Snell Jr.
168,Jamaal Williams
169,LeSean McCoy
170,Kareem Hunt
171,Darrel Williams
172,Derrius Guice
173,Nyheim Hines
174,Royce Freeman
175,Jaylen Samuels
176,Kalen Ballage
177,Adrian Peterson
178,David Johnson
179,Raheem Mostert
180,Giovani Bernard
181,Jalen Richard
182,Peyton Barber
183,Patrick Laird
184,Jay Ajayi
185,Gus Edwards
186,Dion Lewis
187,Chase Edmonds
188,Jordan Wilkins
189,Bilal Powell
190,Dare Ogunbowale
191,Matt Breida
192,DeAndre Washington
193,Malcolm Brown
194,Justice Hill
195,Jeff Wilson
196,Wayne Gallman
197,Darrell Henderson
198,Myles Gaskin
199,Ty Montgomery
200,Ryquell Armstead
201,Boston Scott
202,Wendell Smallwood
203,Kyle Juszczyk
204,Kerrith Whyte
205,Trey Edmunds
206,Reggie Bonnafon
207,Devontae Booker
208,Dontrell Hilliard
209,Alex Armah
210,Darwin Thompson
211,Dan Vitale
212,Elijhaa Penny
213,T.J. Logan
214,Josh Adams
215,Alec Ingold
216,Justin Jackson
217,Anthony Sherman
218,Derek Watt
219,Troymaine Pope
220,D'Ernest Johnson
221,Chris Thompson
222,Travis Kelce
223,George Kittle
224,Zach Ertz
225,Hunter Henry
226,Darren Waller
227,Mark Andrews
228,Greg Olsen
229,Ryan Griffin
230,Jack Doyle
231,Dallas Goedert
232,Mike Gesicki
233,Noah Fant
234,Kaden Smith
235,Tyler Higbee
236,Vance McDonald
237,Jonnu Smith
238,Jimmy Graham
239,Tyler Eifert
240,O.J. Howard
241,Cameron Brate
242,Jeremy Sprinkle
243,Nick O'Leary
244,Nick Boyle
245,Foster Moreau
246,Mo Alie-Cox
247,Scott Simonson
248,Hayden Hurst
249,Maxx Williams
250,Anthony Firkser
251,Ross Dwelley
252,Demetrius Harris
253,Charles Clay
254,C.J. Uzomah
255,Nick Vannett
256,Ben Koyack
257,Ricky Seals-Jones
258,Virgil Green
259,Marcedes Lewis
260,Ian Thomas
261,MyCole Pruitt
262,Hale Hentges
263,Deon Yelder
264,Derek Carrier
265,Durham Smythe
266,Johnny Mundt
267,Robert Tonyan
268,Daniel Brown
269,Blake Bell
270,Troy Fumagalli
271,Trevon Wesco
272,Garrett Celek
273,Jeff Heuerman
274,Ross Travis
275,Andrew Beck
276,Chris Manhertz
277,Jace Sternberger
278,Tanner Hudson
279,Carolina Panthers
280,Philadelphia Eagles
281,New York Jets
282,Green Bay Packers
283,Pittsburgh Steelers
284,Baltimore Ravens
285,Denver Broncos
286,Los Angeles Chargers
287,Jacksonville Jaguars
288,Cleveland Browns
289,Los Angeles Rams
290,Indianapolis Colts
291,Kansas City Chiefs
292,San Francisco 49ers
293,Tennessee Titans
294,Washington Redskins
295,Arizona Cardinals
296,Cincinnati Bengals
297,Tampa Bay Buccaneers
298,New York Giants
299,Miami Dolphins
300,Oakland Raiders
